Servers (Nodes),Partitioning,Replication,# Cluster Scaling,Quake (Single Node)
1,1.002524857,0.9974878286,0.9875514139,1
2,2.079730937,1.926663825,2.603928015,2
3,2.881469397,2.839721319,4.09484091,3
4,3.810330292,3.562291358,5.19553016,4
5,4.443695778,4.136062661,6.700226738,5
6,5.538203705,5.099323024,,6
7,5.719608427,5.926527306,,7
8,6.194090616,6.323580247,,8
9,6.390376778,7.087122959,,9